employee_no,date,work_summary
A100002,10/15/24,"Projects:
 - Zella
 - KGTeco
 Main Topics Discussed:
 - QA Internal
 - Bluemine & Railfit Integration
 - Product Design (External)
 - DevOps
 - Communication with Team Members (Vinay G.Y, Payel Chowdhury)
 Summary:
 During the period, I focused on the Railfit project for Zella India, an AI-based time tracking software. Key interactions included internal QA discussions with Vinay G.Y and external product design consultations. I also engaged in DevOps-related chats and integrated Bluemine with Railfit. Communication was primarily via Microsoft Teams, with additional notes taken in Notepad. The total duration of these activities was 77 minutes."
A100002,10/14/24,"Projects:
 - Zella
 - Newfit
 Main Topics Discussed:
 - QA Internal
 - Bluemine &Railfit
 - Product Design (External)
 - DevOps
 - Communication with Team Members (Vinay G.Y, Payel Chowdhury)
 Summary:
 During the period, I focused on the Railfit project for Zella India, an AI-based time tracking software. Key interactions included internal QA discussions with Vinay G.Y and external product design consultations. I also engaged in DevOps-related chats and integrated Bluemine with Railfit. Communication was primarily via Microsoft Teams, with additional notes taken in Notepad. The total duration of these activities was 77 minutes.
 

 

 

 

 Projects:
 - Workday
 Main Topics Discussed:
 - Features & Release Plan
 Summary:
 During the interaction on October 14, 2024, I focused on the integration with Workday software for Zella India. The primary discussions revolved around the Features & Release Plan, which was documented using Excel. The session lasted for 182 minutes and took place on the Excel platform. Key aspects covered included outlining the upcoming features and planning the release strategy to ensure a smooth deployment. This effort is crucial for aligning the project's goals with the client's expectations and ensuring timely delivery of the software.
 Projects:
 - Sundial
 Main Topics Discussed:
 - Ideation for AI time tracking software
 - Integration with Google Chrome
 - Platform development on minervaiotstaging
 Summary:
 During the interaction on October 14, 2024, at 1: 45 PM, the focus was on the Sundial project for Zella India. The discussion centered around the ideation phase of an AI-driven time tracking software. Key topics included the integration of the software with Google Chrome and the ongoing development efforts on the minervaiotstaging platform. The session lasted approximately 1 minute and was aimed at aligning on the initial conceptualization and technical feasibility of the project.
 Projects:
 - Railfit
 Main Topics Discussed:
 - Communication strategies for Ai time tracking software
 Summary:
 During the interaction on October 14, 2024, at 1: 43 PM (UTC), I engaged with the Railfit project, which is an Ai time tracking software developed by Zella India. The discussion primarily revolved around refining communication strategies to enhance user engagement and adoption of the software. The conversation was facilitated through the sd-qt platform and lasted for approximately 1 minute. This brief exchange aimed to align on the best practices for communicating the benefits and features of Railfit to potential users, ensuring clear and effective messaging."
A100002,10/3/24,"Projects:
 

  • QuantumLeap
  • SkyNet 2.0
 

 Main Topics Discussed:
 

  • Algorithm Optimization
  • AI Ethics Committee Meeting
  • User Interface Design
  • Cloud Deployment
  • Coordination with Team Members (Alice Johnson, Bob Smith)
 

 Summary:
 During the period, I worked on optimizing algorithms for the QuantumLeap project and attended the AI Ethics Committee meeting related to SkyNet 2.0. Key interactions included UI design discussions with Alice Johnson and cloud deployment strategies with Bob Smith. Additionally, I engaged in team coordination via Slack and documented notes in Google Docs. The total duration of these activities was 85 minutes."
A100002,10/4/24,"Projects:
 

  • Project Orion
  • Neptune Analytics
 

 Main Topics Discussed:
 

  • Data Migration
  • Security Audits
  • API Development
  • Collaboration with Team Members (Eve Thompson, Mark Daniels)
 

 Summary:
 In this period, I focused on data migration for Project Orion and conducted security audits for Neptune Analytics. I developed APIs and collaborated closely with Eve Thompson on data-related issues and Mark Daniels on security protocols. Communication was primarily through Zoom meetings, and notes were kept in Evernote. Total time spent was 90 minutes."
A100002,10/5/24,"Projects:
 

  • Alpha Centauri
  • Delta Force
 

 Main Topics Discussed:
 

  • Bug Fixing
  • Performance Testing
  • Client Presentation Preparation
  • Discussions with Team Members (Sophia Lee, Liam Wong)
 

 Summary:
 I dedicated time to fixing critical bugs in the Alpha Centauri project and performed performance testing for Delta Force. Prepared materials for an upcoming client presentation. Interacted with Sophia Lee on bug resolutions and coordinated with Liam Wong on testing strategies. Used Microsoft Teams for communication and documented progress in Jira. Activities took 70 minutes."
A100002,10/6/24,"Projects:
 

  • Project Phoenix
  • Vulcan AI
 

 Main Topics Discussed:
 

  • Feature Implementation
  • Code Review
  • Team Training Session
  • Interaction with Team Members (Emily Clark, Noah Davis)
 

 Summary:
 Today, I implemented new features for Project Phoenix and conducted a code review for Vulcan AI. Held a team training session to onboard new members. Collaborated with Emily Clark on feature specs and Noah Davis on code quality. Communicated via Slack and documented changes in Confluence. Total duration was 95 minutes."
A100003,10/7/24,"Projects:
 

  • Workday
 

 Main Topics Discussed:
 

  • Database Optimization
  • Machine Learning Model Tuning
  • Strategy Meeting
  • Interaction with Team Members (Olivia Martinez, William Brown)
 

 Summary:
 Focused on optimizing the database for the Omega Project and tuning machine learning models for Epsilon Wave. Participated in a strategy meeting regarding upcoming milestones. Worked closely with Olivia Martinez on database schemas and William Brown on ML algorithms. Used Zoom and recorded notes in OneNote. Activities lasted for 80 minutes."
A100002,10/8/24,"Projects:
 

 

 

 Main Topics Discussed:
 

  • Security Protocols Update
  • Network Scalability
  • Documentation Review
  • Coordination with Team Members (Mia Green, Ethan Harris)
 

 Summary:
 Updated security protocols for Titan Shield and addressed network scalability issues for Nebula Network. Reviewed and updated project documentation. Collaborated with Mia Green on security measures and Ethan Harris on network optimizations. Communicated via Skype and logged notes in Google Docs. Total duration was 85 minutes"
A100002,10/9/24,"Projects:
 

  • Atlas Mapping
  • Mercury Protocol
 

 Main Topics Discussed:
 

  • API Integration
  • Performance Benchmarking
  • Cross-team Collaboration
  • Interaction with Team Members (Amelia Davis, Benjamin Scott)
 

 Summary:
 Engaged in API integration tasks for Atlas Mapping and conducted performance benchmarking for Mercury Protocol. Collaborated across teams to ensure alignment on project goals. Interacted with Amelia Davis on integration challenges and Benjamin Scott on benchmarking results. Used Teams for communication and documented in Confluence. Total duration was 88 minutes."
A100002,10/10/24,"Projects:
 

  • Sirius AI
  • Horizon Development
 

 Main Topics Discussed:
 

  • Feature Decommissioning
  • Code Refactoring
  • Team Stand-up Meeting
  • Collaborations with Team Members (Charlotte Wilson, Michael King)
 

 Summary:
 Focused on decommissioning outdated features in Sirius AI and refactored code for Horizon Development. Participated in the daily stand-up meeting. Worked with Charlotte Wilson on planning the decommissioning process and Michael King on improving code quality. Communicated via Zoom and tracked progress in Asana. Activities lasted for 65 minutes"
A100002,10/11/24,"Projects:
 

  • Vega Initiative
  • Polaris Engine
 

 Main Topics Discussed:
 

  • Module Integration
  • System Architecture Review
  • Team Retrospective Meeting
  • Collaboration with Team Members (Daniel Evans, Grace Turner)
 

 Summary:
 During this period, I worked on integrating modules for the Vega Initiative and reviewed the system architecture for the Polaris Engine. Participated in a team retrospective meeting to discuss past sprint outcomes. Collaborated closely with Daniel Evans on integration challenges and Grace Turner on architectural improvements. Communication was via Microsoft Teams, and notes were recorded in Confluence. Total duration of activities was 82 minutes."
A100003,10/12/24,"Projects:
 

  • Eclipse Platform
  • Orion Matrix
 

 Main Topics Discussed:
 

  • Feature Roadmap Planning
  • Database Migration
  • Client Onboarding Session
  • Interaction with Team Members (Harper Lewis, Samuel Foster)
 

 Summary:
 Focused on planning the feature roadmap for the Eclipse Platform and worked on database migration for Orion Matrix. Attended a client onboarding session to facilitate the adoption of our solutions. Interacted with Harper Lewis on planning tasks and Samuel Foster on migration strategies. Used Slack for communication and documented updates in Notion. Activities took 90 minutes."
A100002,10/13/24,"Projects:
 

  • Helios Project
  • Nova Core
 

 Main Topics Discussed:
 

  • UI Prototyping
  • Backend API Development
  • Security Compliance Review
  • Collaboration with Team Members (Victoria Reed, Dylan Brooks)
 

 Summary:
 Engaged in UI prototyping for the Helios Project and developed backend APIs for Nova Core. Conducted a security compliance review to ensure adherence to standards. Collaborated with Victoria Reed on UI designs and Dylan Brooks on API endpoints. Communicated via Zoom and kept notes in Google Docs. Total duration was 88 minutes."
A100003,10/14/24,"Projects:
 

  • Nimbus Cloud
  • Solaris System
 

 Main Topics Discussed:
 

  • Cloud Infrastructure Setup
  • Load Balancing
  • Incident Response Plan
  • Coordination with Team Members (Layla Russell, Henry Ward)
 

 Summary:
 Set up cloud infrastructure for Nimbus Cloud and implemented load balancing for Solaris System. Developed an incident response plan to handle potential outages. Coordinated with Layla Russell on infrastructure setup and Henry Ward on load balancing strategies. Communicated via Slack and documented in Asana. Total time was 78 minutes."
A100002,10/15/24,"Projects:
 

  • Atlas Exploration
  • Mercury Dynamics
 

 Main Topics Discussed:
 

  • API Security Enhancement
  • Version Control Management
  • Knowledge Sharing Session
  • Interactions with Team Members (Lily Bell, Isaac Morgan)
 

 Summary:
 Enhanced API security for Atlas Exploration and managed version control for Mercury Dynamics. Led a knowledge sharing session on best practices. Interacted with Lily Bell on security protocols and Isaac Morgan on version control strategies. Communication was via Microsoft Teams, and notes were recorded in Confluence. Total duration was 87 minutes."
